{
  "train_loss": [
    0.02168982341199329,
    0.01746894848091822,
    0.016325358374926605,
    0.015350413153340159,
    0.01535569810259499,
    0.014115853847837761,
    0.015418732122175004,
    0.01429932695617409,
    0.014545738733814735,
    0.017325329006110366,
    0.01569880929922587,
    0.015788842335735496,
    0.016749470543704535,
    0.01592158958757002,
    0.015047222584191906,
    0.013343096281842966,
    0.013220024135846057,
    0.014634475406063231,
    0.012168673185729667,
    0.011625225692497273,
    0.009888193729382596,
    0.010681262006983161,
    0.010282470881448765,
    0.010293928930830015,
    0.009337193835036535,
    0.009461196127200597,
    0.008144259759175935,
    0.008684078488793028,
    0.008201129121803924,
    0.007914703719219878,
    0.007753953374432106,
    0.007983534076055022,
    0.007420626824329558
  ],
  "val_loss": [
    0.23705352629934037,
    0.21134958629097259,
    0.1960566807538271,
    0.1609259197222335,
    0.15878601245848195,
    0.12454199737736157,
    0.11937326033200536,
    0.09056274246956621,
    0.11767973804048129,
    0.05775232962332666,
    0.06452661885746888,
    0.05990540169711624,
    0.07642746903002262,
    0.0809243441160236,
    0.06780092285147735,
    0.05380824288087232,
    0.051503040960856845,
    0.07155203233872141,
    0.06838383259517807,
    0.06046406286103385,
    0.05495047449533429,
    0.05927780270576477,
    0.04445663773055587,
    0.04845873658944454,
    0.04826116881200245,
    0.05132833781785199,
    0.048268545751592944,
    0.05469646091972079,
    0.051266874851925034,
    0.05222888071356075,
    0.05235687513569636,
    0.05189414691579129,
    0.0505975072405168
  ]
}