{
  "train_loss": [
    0.15451660326548985,
    0.12109393998980522,
    0.1197442923273359,
    0.11144855618476868,
    0.10683299228549004,
    0.09399120030658585,
    0.09506418130227498,
    0.07444506723965917,
    0.06861617948327746,
    0.06198365188070706,
    0.06430302028145109,
    0.044576844067445824,
    0.03984395960079772,
    0.05211975997579949,
    0.0429314144753984,
    0.03454651217907667,
    0.03321985008993319,
    0.04090535654021161,
    0.03502006070422275,
    0.029438006758157696,
    0.02638766435640199,
    0.02526993989678366,
    0.028469616547226906,
    0.02789016892867429,
    0.02492896667016404,
    0.02191360660695604
  ],
  "val_loss": [
    0.1400072400768598,
    0.31880199909210205,
    0.3944482704003652,
    0.569287896156311,
    0.5118088126182556,
    0.4939445157845815,
    0.7013580997784933,
    0.5103072822093964,
    0.6444554726282755,
    0.2691778093576431,
    0.13756760706504187,
    0.17660495142141977,
    0.24835694829622904,
    0.2677552153666814,
    0.25102631251017254,
    0.11780726909637451,
    0.16797346621751785,
    0.1369351583222548,
    0.2001306340098381,
    0.15506512423356375,
    0.14409014582633972,
    0.18193088720242181,
    0.17432394127051035,
    0.21832341452439627,
    0.2238341122865677,
    0.18977139641841254
  ]
}