{
  "performance": {
    "total_return": 0.031667647112014974,
    "cagr": 0.04758565109796686,
    "sharpe": 0.3813302223345661,
    "sortino": 0.5163644923487207,
    "max_drawdown": -0.30674846625766866,
    "win_rate": 1.0,
    "n_trades": 1
  },
  "equity_curve": [
    10000000.0,
    9993503.47322964,
    10092941.318734411,
    9749880.751742946,
    8979237.449080959,
    9173141.247815266,
    9168169.355540026,
    9729993.182641992,
    9640499.121687697,
    9188056.924640981,
    9496314.245705776,
    9625583.44486198,
    9570892.629834356,
    9824459.135871526,
    9660386.69078865,
    9933840.765926775,
    9600723.983485788,
    9570892.629834356,
    9401848.292476242,
    9779712.105394378,
    9675302.367614366,
    10242098.08699157,
    9869206.166348673,
    10043222.395982025,
    9645471.013962936,
    9943784.550477253,
    9993503.47322964,
    9814515.351321049,
    9590780.19893531,
    9123422.325062878,
    9004096.910457153,
    8864883.92675047,
    9004096.910457153,
    8934490.418603811,
    8894715.280401902,
    8661036.343465688,
    8487020.113832336,
    8641148.774364732,
    8999125.018181914,
    9103534.755961925,
    9133366.109613357,
    9048843.9409343,
    9337213.69289814,
    9551005.0607334,
    9546033.168458162,
    9884121.843174389,
    10117800.780110605,
    10167519.702862991,
    10192379.164239183,
    10465833.239377309,
    10316676.471120149,
    10366395.393872535,
    10565271.08488208,
    10689568.391763046,
    10689568.391763046,
    11087319.773782136,
    10515552.162129695,
    10515552.162129695,
    10987881.928277364,
    11112179.23515833,
    11335914.387544068,
    10863584.621396398,
    10565271.08488208,
    10714427.85313924,
    10888444.082772592,
    11062460.312405944,
    11261336.003415488,
    10938163.005524978,
    10440973.778001115,
    10043222.395982025,
    10614990.007634467,
    10291817.009743957,
    10018362.934605831,
    10490692.7007535,
    10515552.162129695,
    11659087.38543458,
    12007119.844701283,
    11659087.38543458,
    11634227.924058385,
    11833103.61506793,
    11460211.694425033,
    11509930.61717742,
    11460211.694425033,
    12156276.61295844,
    11435352.23304884,
    10664708.930386852,
    10540411.623505889,
    9879149.95089915,
    10341535.932496343,
    9779712.105394378,
    9739936.96719247,
    9720049.398091514,
    9779712.105394378,
    9784683.997669617,
    9312354.231521947,
    9287494.770145753,
    9446595.32295339,
    9088619.07913621,
    8700811.481667597,
    8810193.111722846,
    8919574.741778096,
    8909630.957227618,
    8735614.727594266,
    8472104.437006619,
    8427357.406529471,
    8680923.912566641,
    8760474.18897046,
    9048843.9409343,
    9551005.0607334,
    9555976.95300864,
    9297438.55469623,
    8909630.957227618,
    9267607.2010448,
    9019012.587282868,
    9019012.587282868,
    8959349.879980005,
    8700811.481667597,
    8914602.849502858,
    9098562.863686686,
    9381960.723375287,
    9128394.217338119,
    8939462.31087905,
    9426707.753852436,
    9342185.58517338,
    9615639.660311503,
    9884121.843174389,
    10266957.548367763,
    10068081.85735822,
    10490692.7007535,
    10888444.082772592,
    10838725.160020206,
    11534790.078553613,
    11087319.773782136,
    10913303.544148784,
    10689568.391763046,
    10689568.391763046,
    10863584.621396398,
    10714427.85313924,
    10266957.548367763,
    10316676.471120149,
    10590130.546258274,
    10515552.162129695,
    11087319.773782136,
    11261336.003415488,
    11460211.694425033,
    10664708.930386852,
    11037600.85102975,
    11360773.848920261,
    10291817.009743957,
    10068081.85735822,
    10565271.08488208,
    9943784.550477253,
    10068081.85735822,
    10242098.08699157,
    10018362.934605831,
    10440973.778001115,
    10938163.005524978,
    11012741.389653558,
    11012741.389653558,
    11062460.312405944,
    10938163.005524978,
    11460211.694425033,
    12380011.76534418,
    10043222.395982025,
    11211617.080663102,
    11584509.001306,
    10689568.391763046,
    10316676.471120149,
    10316676.471120149
  ],
  "dates": [
    "2025-07-01",
    "2025-07-02",
    "2025-07-03",
    "2025-07-04",
    "2025-07-07",
    "2025-07-08",
    "2025-07-09",
    "2025-07-10",
    "2025-07-11",
    "2025-07-14",
    "2025-07-15",
    "2025-07-16",
    "2025-07-17",
    "2025-07-18",
    "2025-07-21",
    "2025-07-22",
    "2025-07-23",
    "2025-07-24",
    "2025-07-25",
    "2025-07-28",
    "2025-07-29",
    "2025-07-30",
    "2025-07-31",
    "2025-08-01",
    "2025-08-04",
    "2025-08-05",
    "2025-08-06",
    "2025-08-07",
    "2025-08-08",
    "2025-08-11",
    "2025-08-12",
    "2025-08-13",
    "2025-08-14",
    "2025-08-18",
    "2025-08-19",
    "2025-08-20",
    "2025-08-21",
    "2025-08-22",
    "2025-08-25",
    "2025-08-26",
    "2025-08-27",
    "2025-08-28",
    "2025-08-29",
    "2025-09-01",
    "2025-09-02",
    "2025-09-03",
    "2025-09-04",
    "2025-09-05",
    "2025-09-08",
    "2025-09-09",
    "2025-09-10",
    "2025-09-11",
    "2025-09-12",
    "2025-09-15",
    "2025-09-16",
    "2025-09-17",
    "2025-09-18",
    "2025-09-22",
    "2025-09-23",
    "2025-09-24",
    "2025-09-25",
    "2025-09-26",
    "2025-09-29",
    "2025-09-30",
    "2025-10-01",
    "2025-10-02",
    "2025-10-10",
    "2025-10-13",
    "2025-10-14",
    "2025-10-15",
    "2025-10-16",
    "2025-10-17",
    "2025-10-20",
    "2025-10-21",
    "2025-10-22",
    "2025-10-23",
    "2025-10-24",
    "2025-10-27",
    "2025-10-28",
    "2025-10-29",
    "2025-10-30",
    "2025-10-31",
    "2025-11-03",
    "2025-11-04",
    "2025-11-05",
    "2025-11-06",
    "2025-11-07",
    "2025-11-10",
    "2025-11-11",
    "2025-11-12",
    "2025-11-13",
    "2025-11-14",
    "2025-11-17",
    "2025-11-18",
    "2025-11-19",
    "2025-11-20",
    "2025-11-21",
    "2025-11-24",
    "2025-11-25",
    "2025-11-26",
    "2025-11-27",
    "2025-11-28",
    "2025-12-01",
    "2025-12-02",
    "2025-12-03",
    "2025-12-04",
    "2025-12-05",
    "2025-12-08",
    "2025-12-09",
    "2025-12-10",
    "2025-12-11",
    "2025-12-12",
    "2025-12-15",
    "2025-12-16",
    "2025-12-17",
    "2025-12-18",
    "2025-12-19",
    "2025-12-22",
    "2025-12-23",
    "2025-12-24",
    "2025-12-26",
    "2025-12-29",
    "2025-12-30",
    "2026-01-02",
    "2026-01-05",
    "2026-01-06",
    "2026-01-07",
    "2026-01-08",
    "2026-01-09",
    "2026-01-12",
    "2026-01-13",
    "2026-01-14",
    "2026-01-15",
    "2026-01-16",
    "2026-01-19",
    "2026-01-20",
    "2026-01-21",
    "2026-01-22",
    "2026-01-23",
    "2026-01-26",
    "2026-01-27",
    "2026-01-28",
    "2026-01-29",
    "2026-01-30",
    "2026-02-02",
    "2026-02-03",
    "2026-02-04",
    "2026-02-05",
    "2026-02-06",
    "2026-02-09",
    "2026-02-10",
    "2026-02-11",
    "2026-02-12",
    "2026-02-13",
    "2026-02-19",
    "2026-02-20",
    "2026-02-23",
    "2026-02-24",
    "2026-02-25",
    "2026-02-26",
    "2026-02-27",
    "2026-03-03",
    "2026-03-04",
    "2026-03-05",
    "2026-03-06",
    "2026-03-09",
    "2026-03-10",
    "2026-03-11"
  ],
  "trades": [
    {
      "entry": "2025-07-01",
      "exit": "2026-03-11",
      "entry_price": 201100.5,
      "exit_price": 207500.0,
      "shares": 49.71892275238626,
      "pnl": 316628.74468322657
    }
  ],
  "mode": "테스트 기간 (168일, out-of-sample)"
}