{
  "session_id": "0c19cf36-d9c2-48ad-b866-bc25307af4ff",
  "timestamp": "2026-03-22T18:16:29.548671+00:00",
  "strategy_config": {
    "signal_method": "ranking",
    "signal_source": "momentum",
    "method": "mean_variance",
    "rebal": "weekly"
  },
  "capital": 100000000.0,
  "transaction_cost": 0.0015,
  "slippage": 0.0005,
  "execution_delay": 1,
  "train_days": 756,
  "test_days": 252,
  "step_days": 63,
  "symbols": [
    "365340.KQ",
    "28513K.KS",
    "064350.KS",
    "005930.KS",
    "079550.KS",
    "263750.KQ",
    "218410.KQ",
    "005490.KS",
    "006400.KS",
    "086520.KQ",
    "450080.KS",
    "247540.KQ",
    "196170.KQ",
    "272210.KS",
    "012450.KS",
    "004090.KS",
    "950160.KQ",
    "007310.KS",
    "004370.KS"
  ],
  "total_return_pct": 262.25886379410065,
  "cagr": 2381.876293282266,
  "max_drawdown": -19.86180653304252,
  "sharpe": 20.085546837495784,
  "sortino": 86.219344041148,
  "win_rate": 0.5742574257425742,
  "n_windows": 4,
  "n_trades": 0,
  "equity_curve": [
    100000000.0,
    99560139.7565864,
    101676199.03288208,
    101381806.55735698,
    99121902.09276454,
    99822605.98573788,
    98104636.72676563,
    101421155.54972091,
    108722356.32072425,
    111170023.62193657,
    111412410.43536328,
    111788583.91076492,
    112003352.4580042,
    113685560.31273034,
    137783269.35864753,
    137783269.35864753,
    136790337.79683974,
    139682785.75510228,
    134430082.11101186,
    138864574.32056537,
    138008829.72833726,
    137052444.57428822,
    138182687.01323488,
    136507455.14119184,
    127852051.97865142,
    128653245.38362262,
    138658398.43403965,
    142579639.68025184,
    144305075.8319815,
    145744075.13149405,
    173996355.21586365,
    173996355.21586365,
    174501163.9495754,
    174062372.3033493,
    183163083.00390863,
    175430726.51546738,
    165972144.40901846,
    155093109.74302503,
    146783585.8177162,
    156204555.48753724,
    153930535.65644476,
    157090216.91322097,
    163671641.2719643,
    164939452.05611095,
    165182531.77309337,
    274251421.4081485,
    274251421.4081485,
    274092845.97305274,
    273040260.2576268,
    282155494.4225479,
    296224307.9427828,
    298663120.990719,
    302473111.10238963,
    302805356.9777937,
    314926209.83169335,
    310256070.5670463,
    302901283.27288973,
    299026891.42447406,
    313052962.4480554,
    314406679.82812464,
    312451837.51950496,
    313312822.1075923,
    308722562.8705223,
    307436158.8807436,
    314270695.17584974,
    318645067.205882,
    322410906.0386288,
    332923573.32071686,
    334104779.05016524,
    326736845.0865319,
    327494652.0199536,
    331282673.6912203,
    338999564.798729,
    335852622.77202636,
    334632462.48070323,
    330161475.6265621,
    330256463.6905952,
    330608510.771953,
    332158248.25258315,
    339651035.07540286,
    344193476.7945494,
    345410374.8232769,
    345097302.35215855,
    343113322.70695215,
    339792551.320796,
    338427027.0929539,
    347057596.45754683,
    349287535.73147887,
    344562682.46083856,
    350357755.9322531,
    346316940.5903364,
    352816828.93307436,
    351835832.908887,
    349791835.25859606,
    348869600.0709045,
    353840496.53534496,
    356216818.46485245,
    365978761.65188354,
    371074442.07186353,
    369325521.2473895,
    369142629.98138624,
    362258863.79410064
  ],
  "equity_dates": [
    "2024-04-16",
    "2024-04-22",
    "2024-04-29",
    "2024-05-07",
    "2024-05-13",
    "2024-05-20",
    "2024-05-27",
    "2024-06-03",
    "2024-06-10",
    "2024-06-17",
    "2024-06-24",
    "2024-07-01",
    "2024-07-08",
    "2024-07-15",
    "2025-04-29",
    "2024-07-18",
    "2024-07-22",
    "2024-07-29",
    "2024-08-05",
    "2024-08-12",
    "2024-08-19",
    "2024-08-26",
    "2024-09-02",
    "2024-09-09",
    "2024-09-19",
    "2024-09-23",
    "2024-09-30",
    "2024-10-07",
    "2024-10-14",
    "2024-10-21",
    "2025-08-01",
    "2024-10-24",
    "2024-10-28",
    "2024-11-04",
    "2024-11-11",
    "2024-11-18",
    "2024-11-25",
    "2024-12-02",
    "2024-12-09",
    "2024-12-16",
    "2024-12-23",
    "2024-12-30",
    "2025-01-06",
    "2025-01-13",
    "2025-01-20",
    "2025-11-06",
    "2025-01-24",
    "2025-01-31",
    "2025-02-03",
    "2025-02-10",
    "2025-02-17",
    "2025-02-24",
    "2025-03-04",
    "2025-03-10",
    "2025-03-17",
    "2025-03-24",
    "2025-03-31",
    "2025-04-07",
    "2025-04-14",
    "2025-04-21",
    "2025-04-28",
    "2025-05-07",
    "2025-05-12",
    "2025-05-19",
    "2025-05-26",
    "2025-06-02",
    "2025-06-09",
    "2025-06-16",
    "2025-06-23",
    "2025-06-30",
    "2025-07-07",
    "2025-07-14",
    "2025-07-21",
    "2025-07-28",
    "2025-08-04",
    "2025-08-11",
    "2025-08-18",
    "2025-08-25",
    "2025-09-01",
    "2025-09-08",
    "2025-09-15",
    "2025-09-22",
    "2025-09-29",
    "2025-10-10",
    "2025-10-13",
    "2025-10-20",
    "2025-10-27",
    "2025-11-03",
    "2025-11-10",
    "2025-11-17",
    "2025-11-24",
    "2025-12-01",
    "2025-12-08",
    "2025-12-15",
    "2025-12-22",
    "2025-12-29",
    "2026-01-05",
    "2026-01-12",
    "2026-01-19",
    "2026-01-26",
    "2026-02-02",
    "2026-02-06"
  ],
  "wf_results": [
    {
      "total_return": 0.3778326935864753,
      "cagr": 3.3428315929566104,
      "annual_volatility": 0.5434455285013711,
      "max_drawdown": -0.14634397890192133,
      "sharpe_ratio": 6.086776721615048,
      "sortino_ratio": 10.163306859721823,
      "calmar_ratio": 22.842289896414,
      "win_rate": 0.5818181818181818,
      "payoff_ratio": 1.2414196850998995,
      "n_days": 55,
      "var_95": -0.03851544205354461,
      "cvar_95": -0.061084282883990336,
      "train_start": "2021-03-22",
      "train_end": "2024-04-15",
      "test_start": "2024-04-16",
      "test_end": "2025-04-29"
    },
    {
      "total_return": 0.2628264376783953,
      "cagr": 1.9129850033057485,
      "annual_volatility": 0.3524852797649805,
      "max_drawdown": -0.08469714941963576,
      "sharpe_ratio": 5.3278395172278135,
      "sortino_ratio": 8.795330779496295,
      "calmar_ratio": 22.586179277051727,
      "win_rate": 0.5818181818181818,
      "payoff_ratio": 1.260122711731247,
      "n_days": 55,
      "var_95": -0.0214698780821188,
      "cvar_95": -0.041580240968701755,
      "train_start": "2021-06-21",
      "train_end": "2024-07-17",
      "test_start": "2024-07-18",
      "test_end": "2025-08-01"
    },
    {
      "total_return": 0.5761906108200157,
      "cagr": 7.042800571603159,
      "annual_volatility": 0.5829814110051121,
      "max_drawdown": -0.1986180653304252,
      "sharpe_ratio": 12.020624394042034,
      "sortino_ratio": 24.426131486184726,
      "calmar_ratio": 35.459013037614206,
      "win_rate": 0.6181818181818182,
      "payoff_ratio": 1.1662216789743622,
      "n_days": 55,
      "var_95": -0.04596180117402784,
      "cvar_95": -0.057680445484585875,
      "train_start": "2021-09-17",
      "train_end": "2024-10-23",
      "test_start": "2024-10-24",
      "test_end": "2025-11-06"
    },
    {
      "total_return": 0.3209005879862954,
      "cagr": 2.5793566608332936,
      "annual_volatility": 0.26344646202769434,
      "max_drawdown": -0.05048585322801941,
      "sharpe_ratio": 9.657964811081904,
      "sortino_ratio": 24.126691700283672,
      "calmar_ratio": 51.09068166233733,
      "win_rate": 0.5636363636363636,
      "payoff_ratio": 1.8318933954902865,
      "n_days": 55,
      "var_95": -0.015974914405996164,
      "cvar_95": -0.0214687626576154,
      "train_start": "2021-12-22",
      "train_end": "2025-01-23",
      "test_start": "2025-01-24",
      "test_end": "2026-02-06"
    }
  ],
  "trades": [],
  "notes": ""
}