{
  "session_id": "218a4720-f04d-4528-9e2f-db984bb04f20",
  "timestamp": "2026-03-22T09:17:17.760380+00:00",
  "strategy_config": {
    "signal_method": "ranking",
    "signal_source": "model",
    "method": "mean_variance",
    "rebal": "weekly"
  },
  "capital": 100000000.0,
  "transaction_cost": 0.0015,
  "slippage": 0.0005,
  "execution_delay": 1,
  "train_days": 756,
  "test_days": 252,
  "step_days": 63,
  "symbols": [
    "365340.KQ",
    "28513K.KS",
    "064350.KS",
    "005930.KS",
    "079550.KS",
    "263750.KQ",
    "218410.KQ",
    "005490.KS",
    "006400.KS",
    "086520.KQ",
    "450080.KS",
    "247540.KQ",
    "196170.KQ",
    "272210.KS",
    "012450.KS",
    "004090.KS",
    "950160.KQ",
    "007310.KS",
    "004370.KS"
  ],
  "total_return_pct": 262.62341900356216,
  "cagr": 328.75598591455173,
  "max_drawdown": -19.86180653304251,
  "sharpe": 8.085010219017198,
  "sortino": 14.928675550633912,
  "win_rate": 0.57847533632287,
  "n_windows": 4,
  "n_trades": 0,
  "equity_curve": [
    100000000.0,
    99560139.7565864,
    101676199.03288208,
    101381806.55735698,
    99121902.09276454,
    99822605.98573788,
    98104636.72676563,
    101421155.54972091,
    108722356.32072425,
    111170023.62193657,
    111412410.43536328,
    111788583.91076492,
    112003352.4580042,
    113685560.31273034,
    113073440.01237534,
    115822712.19453931,
    113133617.17184937,
    118483631.52619128,
    116356431.40143439,
    115576421.13632482,
    116526830.1643561,
    114616888.21107686,
    118745601.56148954,
    120534400.92418295,
    119199425.85681087,
    125303736.25989243,
    125002221.54673508,
    126241581.41442367,
    124698920.10069185,
    124812172.59443963,
    128325635.27399628,
    123982624.1858327,
    120168424.78725389,
    114946004.409271,
    109545951.21288294,
    115156130.35392167,
    114143665.27245207,
    115519549.46133849,
    119586097.61535399,
    119673222.26492648,
    119022784.48990658,
    121598544.49488933,
    123142232.75987847,
    123820430.02742702,
    132379673.76236974,
    137139214.99481082,
    136208171.93498755,
    136493125.13934582,
    138639399.11070558,
    133593382.47060162,
    129606009.97739607,
    127311902.18260488,
    135633740.95522058,
    136606892.2001541,
    138080283.57373667,
    137949146.37195987,
    137949146.37195987,
    136955019.42175213,
    139850949.59255552,
    134591922.2286379,
    139031753.1148443,
    138174978.2933454,
    137217441.74904653,
    138349044.88469434,
    136671796.2042185,
    139579952.49551085,
    140373735.78581676,
    138733787.31546822,
    142723459.66661137,
    144450293.64916787,
    145890743.06857654,
    145060066.38966763,
    145113320.92497483,
    148641180.06615037,
    145982485.40881866,
    142518303.17922753,
    140664461.9404085,
    137845212.9223427,
    143147897.6055122,
    141596554.29488719,
    142966444.58545804,
    146362296.7701715,
    146908433.72198752,
    146588394.21812075,
    149368119.57077163,
    148681231.62789544,
    151723160.62106958,
    159078363.66046456,
    161374900.8550121,
    162221961.69050482,
    162276678.39918068,
    166069409.29450628,
    162664786.78903472,
    159383775.34825438,
    158077680.33289278,
    164803516.42278856,
    165194710.98724672,
    165005303.96902755,
    165708105.81575093,
    164617979.78805587,
    163975606.69579402,
    165779783.89141098,
    167288809.48200908,
    169057313.55302188,
    173407790.31063777,
    173725834.23178452,
    170504527.46054134,
    170917550.21039703,
    173342035.93161955,
    177272914.35735798,
    176035943.69028157,
    174171454.5276014,
    174171454.5276014,
    174676771.27001092,
    174237538.0506544,
    183347407.15098608,
    175607269.29093185,
    166139168.644771,
    155249185.98230934,
    146931299.85930747,
    156361750.2179799,
    154085441.95212796,
    157248302.91926467,
    163836350.4217747,
    165105437.0533116,
    165348761.3908844,
    172800067.3129422,
    169352569.4575109,
    183198004.85487008,
    198709608.37152058,
    206078217.22772047,
    206221130.65212148,
    206681309.18686998,
    218240319.8907796,
    208938937.55296442,
    200017690.55698988,
    193971576.24015957,
    212336785.24713174,
    215909010.96947345,
    215173217.5768978,
    219813484.4784166,
    214771130.31220812,
    212917972.36982617,
    221643310.8972793,
    227932294.37332535,
    233894071.97389212,
    251117301.6654716,
    251401396.51664007,
    242674077.98200807,
    243546248.9313433,
    251234861.192038,
    263491966.6719917,
    260514988.36578354,
    257570850.47772688,
    250337238.8313657,
    251567970.65912235,
    253466979.2665326,
    255071560.9818726,
    261338420.18957934,
    265845880.17544693,
    270019130.6916157,
    266742605.520046,
    264864677.37063068,
    259859874.89264876,
    261844171.23875493,
    275897672.46001774,
    282607013.1770652,
    274527411.29927063,
    274527411.29927063,
    274368676.2835359,
    273315031.3100922,
    282439438.49031365,
    296522410.0057624,
    298963677.3262931,
    302777501.5794631,
    303110081.806837,
    315243132.3472328,
    310568293.3394794,
    303206104.6363014,
    299327813.83640933,
    313367999.8417646,
    314723079.5203789,
    312766269.9777768,
    313628121.00820196,
    309033242.4144098,
    307745543.86617357,
    314586958.02145,
    318965732.15249634,
    322735360.6955903,
    333258607.2843732,
    334441001.7071709,
    327065653.1045104,
    327824222.64857596,
    331616056.35364455,
    339340713.2693508,
    336190604.35227126,
    334969216.1661054,
    330493729.98368824,
    330588813.6379112,
    330941214.9979639,
    332492512.0398038,
    339992839.1459475,
    344539852.1011849,
    345757974.7418131,
    345444587.21366876,
    343458611.0124428,
    340134497.8046524,
    338767599.3965744,
    347406854.0393949,
    349639037.38810426,
    344909429.31352156,
    350710334.59316593,
    346665452.82132685,
    353171882.25496167,
    352189899.01625234,
    350143844.4114848,
    349220681.14259046,
    354196580.013826,
    356575293.3286807,
    366347060.339499,
    371447868.74123055,
    369697187.90958697,
    369514112.5929767,
    362623419.00356215
  ],