{
  "session_id": "2c761fd0-a683-43e0-9b12-82fa0ce6243c",
  "timestamp": "2026-03-21T22:13:23.008580+00:00",
  "strategy_config": {
    "signal_method": "ranking",
    "signal_source": "model",
    "method": "mean_variance",
    "rebal": "weekly"
  },
  "capital": 100000000.0,
  "transaction_cost": 0.0015,
  "slippage": 0.0005,
  "execution_delay": 1,
  "train_days": 756,
  "test_days": 252,
  "step_days": 63,
  "symbols": [
    "365340.KQ",
    "28513K.KS",
    "064350.KS",
    "005930.KS",
    "079550.KS",
    "263750.KQ",
    "218410.KQ",
    "005490.KS",
    "006400.KS",
    "086520.KQ",
    "450080.KS",
    "247540.KQ",
    "196170.KQ",
    "272210.KS",
    "012450.KS",
    "004090.KS",
    "950160.KQ",
    "007310.KS",
    "004370.KS"
  ],
  "total_return_pct": 532.0866464281731,
  "cagr": 703.3660686535161,
  "max_drawdown": -32.69905929504583,
  "sharpe": 6.904570922413248,
  "sortino": 14.140356646701179,
  "win_rate": 0.5201793721973094,
  "n_windows": 4,
  "n_trades": 0,
  "equity_curve": [
    100000000.0,
    101839556.17551294,
    105194639.1269869,
    100200839.11695392,
    94116586.29907069,
    95233167.21286392,
    87073599.23211583,
    90645328.89796244,
    111815789.06836565,
    108913483.2795264,
    103748918.85437816,
    105392451.78116879,
    110489609.70987076,
    111500133.36782168,
    108060997.52693455,
    110980710.99830121,
    103133809.4074559,
    115126724.74852255,
    108521782.50474754,
    107785653.50524536,
    113708730.11290194,
    110508564.651192,
    115148847.11996064,
    122196972.94965069,
    126640019.43946005,
    134640643.36294818,
    129302065.62838988,
    129346571.68570656,
    128937421.14105007,
    130777609.3695725,
    127957515.53290227,
    116111642.08331943,
    117614437.94543833,
    105787059.8333304,
    93107677.59602043,
    103841348.05029452,
    97786475.43005687,
    94657664.7151587,
    102214373.90003687,
    108071991.93600348,
    107901374.03651445,
    104777401.0803026,
    105655863.76601566,
    104658149.1417194,
    127132575.7752005,
    145749955.08808067,
    131888256.35060173,
    132528983.06626199,
    132036828.59261972,
    125310085.50295843,
    112319333.47590734,
    107074146.89035685,
    120497114.37078406,
    118820482.54321982,
    124448696.71999949,
    123524776.21212757,
    123524776.21212757,
    119809604.57994007,
    118596181.81878208,
    103698776.285515,
    111905571.37672949,
    110686220.63839085,
    109247308.18078913,
    110232303.73407677,
    99705131.72382699,
    107949481.91498527,
    111588617.63678901,
    114534259.42523424,
    119857040.62836899,
    116118495.66092207,
    115426613.39460103,
    116598713.8146921,
    118326510.02795397,
    114638887.8669528,
    105845095.89628923,
    110371573.5100814,
    105808898.26859541,
    98091090.85132651,
    103419946.4548464,
    102543661.49844202,
    99799230.66129234,
    107292582.64230248,
    101652184.66697392,
    102037652.46304934,
    102260660.01333578,
    99863431.30889624,
    104983183.16693817,
    110203311.14810435,
    117253938.74880825,
    109569774.46218106,
    115303501.40487099,
    113172393.83139434,
    111983759.29347587,
    102634606.42606534,
    100083134.43614502,
    105948397.6134673,
    105218878.86236562,
    110866184.48903401,
    110494967.36066917,
    114182307.52948911,
    112492715.19206874,
    111638050.88378473,
    114700586.70195775,
    117402804.00533845,
    123081213.72391957,
    128339422.49660599,
    125232732.04467888,
    123765914.08496413,
    133137135.09701826,
    136855897.51313725,
    136375780.3357634,
    131185260.42559902,
    131185260.42559902,
    132952924.77903566,
    133079604.21983275,
    142292891.6138897,
    139545766.60532048,
    142296391.67138973,
    135456139.80754942,
    125435629.60691048,
    132186943.15882002,
    131374844.63631907,
    126561412.90348478,
    133223032.97395267,
    132804049.44565916,
    134927641.2157532,
    134725855.57351303,
    130310653.50573787,
    134128205.60352047,
    154612641.8915652,
    162018391.49682826,
    156806852.7198473,
    166969167.89822862,
    168603569.6566292,
    166680228.47572935,
    152338106.50115725,
    148832862.75697157,
    163085780.40396118,
    162219697.57697108,
    168534916.50318766,
    170089433.86277598,
    165551394.8353243,
    163354633.34629005,
    159923186.55458665,
    160269580.2345578,
    165239216.91275108,
    179582965.70847383,
    179701123.67301813,
    176877727.7663531,
    173387498.41614226,
    178109376.58474916,
    184657741.2578868,
    187892188.21850595,
    183762366.73198068,
    184243084.17331824,
    185768720.99699107,
    184987954.9268089,
    180756423.71539387,
    181645734.87449834,
    191835901.8065007,
    192785192.31812623,
    192531314.40848246,
    187330754.62197143,
    185588773.874272,
    212467254.70607308,
    230139246.30637237,
    233177209.4246274,
    223951258.22818953,
    223951258.22818953,
    223504082.43525717,
    219313380.44952393,
    230627225.1169228,
    312995499.04972565,
    354725886.52202326,
    372448022.0578777,
    373024213.8239802,
    400124246.37688893,
    359346357.33244145,
    333955654.56213397,
    343024604.21556354,
    417001488.0234901,
    437742418.89215064,
    436160243.6817501,
    469386454.7785543,
    432468435.06434983,
    436658426.33678824,
    439324627.33245075,
    441992114.114684,
    465205454.48940736,
    511346981.92778015,
    484870127.2733179,
    447410077.2723161,
    424723021.59203315,
    425819458.32866377,
    482806051.6692357,
    500505993.06228703,
    493935559.5765515,
    463813851.9047964,
    468402177.7621375,
    476314377.72134286,
    483171602.1763665,
    501442463.6710462,
    519937525.661327,
    539392390.7055879,
    559397087.2920035,
    551855226.1270933,
    527043671.12515676,
    505813298.19269663,
    550692468.417096,
    552740928.9596884,
    511895369.8558136,
    519321841.22429335,
    453544604.55875677,
    431374607.86963755,
    496332096.5825954,
    481475750.92469686,
    470228361.55302185,
    507266874.7073075,
    540993429.5350931,
    646904604.7494206,
    708116611.7781246,
    672404039.8537909,
    660149449.5870419,
    632086646.4281731
  ],