{
  "session_id": "6936e731-05f3-4cd9-a60b-c7946e4ad428",
  "timestamp": "2026-03-21T22:20:37.989756+00:00",
  "strategy_config": {
    "signal_method": "ranking",
    "signal_source": "model",
    "method": "mean_variance",
    "rebal": "weekly"
  },
  "capital": 100000000.0,
  "transaction_cost": 0.0015,
  "slippage": 0.0005,
  "execution_delay": 1,
  "train_days": 756,
  "test_days": 252,
  "step_days": 63,
  "symbols": [
    "365340.KQ",
    "28513K.KS",
    "064350.KS",
    "005930.KS",
    "079550.KS",
    "263750.KQ",
    "218410.KQ",
    "005490.KS",
    "006400.KS",
    "086520.KQ",
    "450080.KS",
    "247540.KQ",
    "196170.KQ",
    "272210.KS",
    "012450.KS",
    "004090.KS",
    "950160.KQ",
    "007310.KS",
    "004370.KS"
  ],
  "total_return_pct": 532.0677958696931,
  "cagr": 703.338994435218,
  "max_drawdown": -32.6990658973652,
  "sharpe": 6.904343933276463,
  "sortino": 14.139863011220724,
  "win_rate": 0.5201793721973094,
  "n_windows": 4,
  "n_trades": 0,
  "equity_curve": [
    100000000.0,
    101839562.15113738,
    105194646.08274804,
    100200839.43676488,
    94116589.27014507,
    95233171.23011422,
    87073606.6209465,
    90645325.80357796,
    111815783.72981244,
    108913479.66375658,
    103748911.87303519,
    105392446.27810618,
    110489607.67280108,
    111500133.3226209,
    108060993.17592676,
    110980708.00179252,
    103133787.30741048,
    115126706.15770693,
    108521767.76243179,
    107785640.44349666,
    113708720.6692785,
    110508549.84835836,
    115148831.56608559,
    122196956.68428348,
    126640006.24682274,
    134640625.75067136,
    129302048.19389404,
    129346556.42003866,
    128937409.87401494,
    130777599.47478718,
    127957503.71686256,
    116111625.90000655,
    117614428.17198545,
    105787052.9563359,
    93107673.86447492,
    103841340.35110812,
    97786464.4547749,
    94657651.7430142,
    102214362.14552876,
    108071977.98241962,
    107901363.7253382,
    104777390.61518276,
    105655839.32154725,
    104658137.38389581,
    127132561.33059183,
    145749941.3461367,
    131888238.30560294,
    132528965.03750087,
    132036812.09507976,
    125310069.61866486,
    112319313.19584219,
    107074131.07734,
    120497095.36334538,
    118820459.9726721,
    124448672.82484339,
    123524752.44783644,
    123524752.44783644,
    119809581.53039266,
    118596159.00261296,
    103698756.33526878,
    111905549.84771237,
    110686199.3439471,
    109247287.16312802,
    110232282.52688588,
    99705112.54190256,
    107949461.14715748,
    111588596.16886413,
    114534237.39052416,
    119857017.56989019,
    116118473.32171808,
    115426591.18862934,
    116598691.38316116,
    118326487.26395734,
    114638865.8126694,
    105845075.53365205,
    110371552.27644753,
    105808877.91259174,
    98091071.97999233,
    103419926.55845658,
    102543641.77082093,
    99799211.46180755,
    107292562.00138001,
    101652165.11102842,
    102037632.832821,
    102260640.34035684,
    99863412.09715866,
    104983162.97038026,
    110203289.94741902,
    117253916.19175933,
    109569753.38345961,
    115303479.22318403,
    113172372.05955273,
    111983737.75013414,
    102634586.68130535,
    100083115.18222056,
    105948377.2314088,
    105218858.620731,
    110866163.16109666,
    110494946.10426965,
    114182285.56396393,
    112492693.55172883,
    111638029.40804584,
    114700564.6371022,
    117402781.42056683,
    123081190.04726201,
    128339397.80868277,
    125232707.95402768,
    123765890.27631733,
    133137109.48588842,
    136855871.1867613,
    136375754.1016439,
    131185235.19001058,
    131185235.19001058,
    132953125.71366353,
    133080285.19827124,
    142289011.16713372,
    139539893.09797588,
    142290744.29493618,
    135451457.9481953,
    125431395.10352743,
    132182909.3009501,
    131369766.1575193,
    126556589.99354784,
    133218903.63456474,
    132800471.5606492,
    134923353.78107613,
    134721605.4239302,
    130306714.9323257,
    134124407.92504817,
    154607262.83756793,
    162015581.57825089,
    156803938.55239657,
    166963365.1446714,
    168598929.01772207,
    166675039.5370975,
    152333847.76171267,
    148829748.6423144,
    163081310.65506905,
    162215661.45497808,
    168529414.33492407,
    170083744.05330548,
    165545371.50028953,
    163347743.20554492,
    159915991.36433512,
    160263473.32981715,
    165233895.67120507,
    179571466.889549,
    179688428.30183932,
    176866615.82857147,
    173377625.30818143,
    178098998.9202633,
    184647938.2479695,
    187882500.09238017,
    183752488.55311832,
    184234563.95562354,
    185759881.67253453,
    184979351.28444028,
    180748607.30755892,
    181638046.76328555,
    191826995.04239336,
    192776175.1223728,
    192522231.10772994,
    187322045.15013054,
    185580411.01429972,
    212459945.35878184,
    230132231.0052879,
    233169060.47126007,
    223944579.3870627,
    223944579.3870627,
    223497416.93013972,
    219306839.92264053,
    230620347.180142,
    312986164.66496664,
    354715307.62258595,
    372436914.6357225,
    373013089.2182053,
    400112313.5737706,
    359335640.63788426,
    333945695.0880151,
    343014374.28047734,
    416989051.89470834,
    437729364.2118895,
    436147236.18629587,
    469372456.38629985,
    432455537.6687602,
    436645403.98415995,
    439311525.46639174,
    441978932.6968485,
    465191580.78605574,
    511331732.1574507,
    484855667.1154566,
    447396734.2759503,
    424710355.1859296,
    425806759.2238077,
    482791653.0677736,
    500491066.5999973,
    493920829.06262,
    463800019.70285296,
    468388208.7237249,
    476300172.71941346,
    483157192.67318505,
    501427509.28063285,
    519922019.6974077,
    539376304.5442015,
    559380404.5356644,
    551838768.289752,
    527027953.2364778,
    505798213.45200264,
    550676045.2563807,
    552724444.7082579,
    511880103.73105115,
    519306353.62177366,
    453531078.61395186,
    431361743.0949767,
    496317294.5973534,
    481461391.99645376,
    470214338.0527969,
    507251746.6169727,
    540977295.6263349,
    646885312.2787576,
    708095493.7974231,
    672383986.9199929,
    660129762.1187569,
    632067795.8696932
  ],