{
  "session_id": "7c99436b-33ee-48d1-a6a0-539a7355dc72",
  "timestamp": "2026-03-21T22:20:09.891380+00:00",
  "strategy_config": {
    "signal_method": "ranking",
    "signal_source": "momentum",
    "method": "mean_variance",
    "rebal": "weekly"
  },
  "capital": 100000000.0,
  "transaction_cost": 0.0015,
  "slippage": 0.0005,
  "execution_delay": 1,
  "train_days": 756,
  "test_days": 252,
  "step_days": 63,
  "symbols": [
    "365340.KQ",
    "28513K.KS",
    "064350.KS",
    "005930.KS",
    "079550.KS",
    "263750.KQ",
    "218410.KQ",
    "005490.KS",
    "006400.KS",
    "086520.KQ",
    "450080.KS",
    "247540.KQ",
    "196170.KQ",
    "272210.KS",
    "012450.KS",
    "004090.KS",
    "950160.KQ",
    "007310.KS",
    "004370.KS"
  ],
  "total_return_pct": 2067.323972916611,
  "cagr": 3133.3583535597063,
  "max_drawdown": -32.6909311875444,
  "sharpe": 31.789845854559985,
  "sortino": 64.93894272052272,
  "win_rate": 0.57847533632287,
  "n_windows": 4,
  "n_trades": 0,
  "equity_curve": [
    100000000.0,
    99001246.11975348,
    103785117.03941551,
    103069344.14037594,
    97918841.49778283,
    99485966.89949268,
    95614125.97629832,
    102660154.06943431,
    118790159.06850609,
    124726120.78450617,
    125563629.87196879,
    126710251.47461791,
    127042096.30616894,
    131325428.47296506,
    129784390.82707393,
    137025736.8881492,
    129975162.55417165,
    143973127.6640712,
    138253684.05290547,
    136181569.53136873,
    138690789.75002897,
    133521982.83423471,
    144376336.95527685,
    149138117.9172816,
    145365867.26160902,
    162342889.14575785,
    161297358.68078256,
    164953670.09764737,
    160456922.30849355,
    160826310.29988217,
    170817941.20282906,
    157721361.82845974,
    146544404.61603546,
    131869160.05822852,
    117625519.46217197,
    131746386.98157717,
    129106017.75949071,
    132723330.03198415,
    143151151.68485206,
    143291568.63486052,
    141522028.4236057,
    148494698.19330934,
    152665672.0857121,
    154515855.5087109,
    178702427.2647141,
    192624640.8175431,
    189590735.51549813,
    190524638.98780257,
    197125554.57093054,
    180879461.4640779,
    168680078.04562747,
    161885828.1078945,
    186107749.88309476,
    189133330.54721767,
    193572131.31833002,
    193160062.57197678,
    193160062.57197678,
    187786362.20906675,
    203347653.03712767,
    173571008.21511018,
    196549038.2140434,
    192104260.50358433,
    186992948.95117238,
    192965893.6232819,
    183876284.64086825,
    198959929.47403437,
    202928342.9745068,
    193705726.11186737,
    215530831.3734632,
    225321780.1864545,
    233871545.34182242,
    228643416.19398645,
    228992693.97627917,
    250392005.89868644,
    232906787.6557883,
    211655616.8234486,
    200253542.92621768,
    184304332.36585388,
    212212936.8854917,
    203734267.37121394,
    211568252.13978678,
    230715547.69251478,
    233578848.95249036,
    231671356.60051626,
    248694972.58577508,
    244488306.88164964,
    263926099.3918122,
    312386264.20111436,
    327950751.2661095,
    334439357.2324122,
    334782623.55463934,
    364639696.4361131,
    335252688.7342643,
    309155684.9764555,
    299574915.67482924,
    349427824.459095,
    353110446.63833815,
    351444843.33433366,
    357063804.3295737,
    348040687.1110967,
    342505901.56401646,
    357043230.19809,
    368855628.42280716,
    383717389.8090091,
    421696366.0541155,
    425089790.3511996,
    394527942.09112483,
    398339080.2081629,
    420217763.8199609,
    456483418.3539808,
    445130430.26814705,
    427459798.3283967,
    427459798.3283967,
    429630976.4924538,
    427725347.27583414,
    466181407.84062016,
    432127418.9056466,
    392069772.95400816,
    347472724.4883186,
    313782364.5943173,
    349778488.26860017,
    341221799.51454335,
    353559445.6265936,
    379111082.54325324,
    383874185.55125797,
    384825951.84480745,
    415024930.897605,
    401067946.667488,
    457927540.3254248,
    524228405.4248807,
    556603238.2332,
    557059996.1971264,
    559224146.7856715,
    611459091.9324281,
    566306488.4540122,
    525039158.7366082,
    496976377.52510834,
    579559727.4813114,
    596856007.3556702,
    592759685.4740651,
    614728254.6705983,
    590711069.377666,
    581267500.5034854,
    622083994.0659697,
    651705717.0667024,
    680923026.2211496,
    767701134.1920015,
    770010973.8268987,
    724925553.7302552,
    730135981.9918771,
    770140694.4108173,
    834946077.9504514,
    818968526.3739876,
    802666310.94268,
    763456116.1190848,
    769820956.6403205,
    778500946.3139598,
    787006970.9278786,
    820613314.9344864,
    845122063.6378511,
    867517529.20974,
    849324099.0048784,
    838808040.676435,
    811375901.1416674,
    823083266.81475,
    897330409.5300822,
    935486436.5312167,
    889930743.5108411,
    889930743.5108411,
    888153769.855802,
    876425493.5773752,
    977305309.7541982,
    1140633743.6793017,
    1167263856.9517004,
    1218346879.2660854,
    1222227274.720531,
    1389267255.7480478,
    1312974266.547646,
    1206344534.421772,
    1153154772.8766212,
    1342184352.2154703,
    1362665271.0559397,
    1332823261.24274,
    1346202564.03091,
    1280981159.5959682,
    1262863384.1810083,
    1359594445.434988,
    1420082206.5844362,
    1476750120.8819585,
    1641936872.2795959,
    1663887083.630668,
    1540535222.5807016,
    1554059364.0391622,
    1615940836.8541422,
    1744378545.8677292,
    1690254163.7666235,
    1668548639.9935968,
    1591307772.4267762,
    1591821877.4674828,
    1595228690.9928253,
    1620429825.3307161,
    1746570626.404552,
    1827396217.2449338,
    1848397511.7321637,
    1842277968.90161,
    1807615380.21609,
    1746756243.8876193,
    1724039483.247292,
    1875749683.5589724,
    1918885426.4367833,
    1828244280.8221664,
    1933099338.0724678,
    1862298530.4653544,
    1981399487.2764578,
    1970927305.696778,
    1936300419.4003282,
    1920245052.2972438,
    2013880883.6199973,
    2060484760.6087654,
    2252586716.990123,
    2355062050.3063703,
    2319448304.617717,
    2319101549.967797,
    2167323972.916611
  ],