{
  "session_id": "8d601f8b-ac00-440e-b565-9954c8424232",
  "timestamp": "2026-03-22T10:56:27.121054+00:00",
  "strategy_config": {
    "signal_method": "ranking",
    "signal_source": "model",
    "method": "mean_variance",
    "rebal": "weekly"
  },
  "capital": 100000000.0,
  "transaction_cost": 0.0015,
  "slippage": 0.0005,
  "execution_delay": 1,
  "train_days": 756,
  "test_days": 252,
  "step_days": 63,
  "symbols": [
    "365340.KQ",
    "28513K.KS",
    "064350.KS",
    "005930.KS",
    "079550.KS",
    "263750.KQ",
    "218410.KQ",
    "005490.KS",
    "006400.KS",
    "086520.KQ",
    "450080.KS",
    "247540.KQ",
    "196170.KQ",
    "272210.KS",
    "012450.KS",
    "004090.KS",
    "950160.KQ",
    "007310.KS",
    "004370.KS"
  ],
  "total_return_pct": 195.93556631787305,
  "cagr": 1398.5120795800806,
  "max_drawdown": -13.655662111636094,
  "sharpe": 15.331873201482551,
  "sortino": 55.27335649806435,
  "win_rate": 0.5841584158415841,
  "n_windows": 4,
  "n_trades": 0,
  "equity_curve": [
    100000000.0,
    100776473.22219357,
    102105818.65967952,
    101821651.30530138,
    99125485.09083812,
    99875134.41684294,
    96605207.04542764,
    97052226.48829952,
    106569569.57210873,
    105538282.22696027,
    104146031.64107855,
    105176675.0797511,
    106484982.9607986,
    108859309.18511763,
    101035844.89911143,
    101035844.89911143,
    100639130.13511315,
    100006906.88412099,
    95783016.27968091,
    97975668.7009768,
    98731216.98572943,
    96466778.26221678,
    95643074.87152806,
    93993849.74573673,
    94988940.78023061,
    95276832.3578824,
    95426331.73597747,
    95618578.25651178,
    95551438.28743114,
    95751143.28773071,
    106694618.28582793,
    106694618.28582793,
    108526551.94807841,
    106602657.34808557,
    104858651.19974276,
    104383607.23466937,
    104658994.92747925,
    101811867.60250053,
    98871612.91080616,
    106162265.58818662,
    104822558.05301812,
    104852400.1027887,
    108161448.26940398,
    105895355.06041026,
    107397426.23098822,
    162048830.96106377,
    162048830.96106377,
    161883425.2120833,
    160606908.9451069,
    167362654.3488782,
    172520709.00546613,
    174036590.77041802,
    169607097.5087653,
    171754416.15356293,
    175298549.71399215,
    176517706.83186635,
    167604528.04564402,
    162684126.30274764,
    169463568.9349352,
    168646003.06548294,
    171642616.98039776,
    170994139.1559054,
    173197351.54007676,
    170490341.53501117,
    171242557.2823819,
    178792482.81924736,
    182171279.42832097,
    184916106.06943992,
    189064145.41601864,
    190441750.19989583,
    189786452.5645175,
    194656298.39334112,
    200298086.76970035,
    201794111.9558038,
    198934473.4555585,
    198718521.8003297,
    199174659.7572619,
    198281298.1155251,
    193404096.0526756,
    199170532.89237294,
    205097277.30717298,
    208920370.4018292,
    208394327.2001249,
    210198470.51887667,
    209786783.08983484,
    222390744.6173411,
    231703873.23998448,
    242018114.55048642,
    231103627.92899147,
    233190390.55184036,
    226354507.05843487,
    239162740.10638586,
    248735508.6762778,
    247718262.8716479,
    250602289.3070517,
    253515652.03469637,
    260836076.30746293,
    267839724.7706592,
    270253174.9564395,
    287336236.3094864,
    298160977.6231005,
    295935566.31787306
  ],
  "equity_dates": [
    "2024-04-16",
    "2024-04-22",
    "2024-04-29",
    "2024-05-07",
    "2024-05-13",
    "2024-05-20",
    "2024-05-27",
    "2024-06-03",
    "2024-06-10",
    "2024-06-17",
    "2024-06-24",
    "2024-07-01",
    "2024-07-08",
    "2024-07-15",
    "2025-04-29",
    "2024-07-18",
    "2024-07-22",
    "2024-07-29",
    "2024-08-05",
    "2024-08-12",
    "2024-08-19",
    "2024-08-26",
    "2024-09-02",
    "2024-09-09",
    "2024-09-19",
    "2024-09-23",
    "2024-09-30",
    "2024-10-07",
    "2024-10-14",
    "2024-10-21",
    "2025-08-01",
    "2024-10-24",
    "2024-10-28",
    "2024-11-04",
    "2024-11-11",
    "2024-11-18",
    "2024-11-25",
    "2024-12-02",
    "2024-12-09",
    "2024-12-16",
    "2024-12-23",
    "2024-12-30",
    "2025-01-06",
    "2025-01-13",
    "2025-01-20",
    "2025-11-06",
    "2025-01-24",
    "2025-01-31",
    "2025-02-03",
    "2025-02-10",
    "2025-02-17",
    "2025-02-24",
    "2025-03-04",
    "2025-03-10",
    "2025-03-17",
    "2025-03-24",
    "2025-03-31",
    "2025-04-07",
    "2025-04-14",
    "2025-04-21",
    "2025-04-28",
    "2025-05-07",
    "2025-05-12",
    "2025-05-19",
    "2025-05-26",
    "2025-06-02",
    "2025-06-09",
    "2025-06-16",
    "2025-06-23",
    "2025-06-30",
    "2025-07-07",
    "2025-07-14",
    "2025-07-21",
    "2025-07-28",
    "2025-08-04",
    "2025-08-11",
    "2025-08-18",
    "2025-08-25",
    "2025-09-01",
    "2025-09-08",
    "2025-09-15",
    "2025-09-22",
    "2025-09-29",
    "2025-10-10",
    "2025-10-13",
    "2025-10-20",
    "2025-10-27",
    "2025-11-03",
    "2025-11-10",
    "2025-11-17",
    "2025-11-24",
    "2025-12-01",
    "2025-12-08",
    "2025-12-15",
    "2025-12-22",
    "2025-12-29",
    "2026-01-05",
    "2026-01-12",
    "2026-01-19",
    "2026-01-26",
    "2026-02-02",
    "2026-02-06"
  ],
  "wf_results": [
    {
      "total_return": 0.010358448991114377,
      "cagr": 0.04834885306435921,
      "annual_volatility": 0.4225328891267026,
      "max_drawdown": -0.11888292158423845,
      "sharpe_ratio": 0.03159245920190869,
      "sortino_ratio": 0.22069655926406412,
      "calmar_ratio": 0.4066930083765709,
      "win_rate": 0.4909090909090909,
      "payoff_ratio": 1.09377233572995,
      "n_days": 55,
      "var_95": -0.037113986158666824,
      "cvar_95": -0.04121765144502476,
      "train_start": "2021-03-22",
      "train_end": "2024-04-15",
      "test_start": "2024-04-16",
      "test_end": "2025-04-29"
    },
    {
      "total_return": 0.056007582183996485,
      "cagr": 0.2836246781698011,
      "annual_volatility": 0.18746012499516423,
      "max_drawdown": -0.08172865064466923,
      "sharpe_ratio": 1.3262803385177868,
      "sortino_ratio": 1.7902600010192575,
      "calmar_ratio": 3.470321308201709,
      "win_rate": 0.6545454545454545,
      "payoff_ratio": 0.6706549621887695,
      "n_days": 55,
      "var_95": -0.018537998781490882,
      "cvar_95": -0.028909926831621042,
      "train_start": "2021-06-21",
      "train_end": "2024-07-17",
      "test_start": "2024-07-18",
      "test_end": "2025-08-01"
    },
    {
      "total_return": 0.5188097915767926,
      "cagr": 5.786026084254558,
      "annual_volatility": 0.41920031800021285,
      "max_drawdown": -0.08896384215626228,
      "sharpe_ratio": 13.719040363131914,
      "sortino_ratio": 25.659941598331386,
      "calmar_ratio": 65.03795179605422,
      "win_rate": 0.6363636363636364,
      "payoff_ratio": 1.235614111268645,
      "n_days": 55,
      "var_95": -0.0353769075986665,
      "cvar_95": -0.0434305429805825,
      "train_start": "2021-09-17",
      "train_end": "2024-10-23",
      "test_start": "2024-10-24",
      "test_end": "2025-11-06"
    },
    {
      "total_return": 0.8262122877577494,
      "cagr": 14.789934243574614,
      "annual_volatility": 0.3938827778641037,
      "max_drawdown": -0.07836936462297944,
      "sharpe_ratio": 37.46021676763765,
      "sortino_ratio": 61.06137136251585,
      "calmar_ratio": 188.72086427973704,
      "win_rate": 0.6545454545454545,
      "payoff_ratio": 1.7144228044869534,
      "n_days": 55,
      "var_95": -0.0293273851572749,
      "cvar_95": -0.04164985065002336,
      "train_start": "2021-12-22",
      "train_end": "2025-01-23",
      "test_start": "2025-01-24",
      "test_end": "2026-02-06"
    }
  ],
  "trades": [],
  "notes": ""
}