{
  "session_id": "8fc5519c-df38-4b16-a66f-69c839f66ab1",
  "timestamp": "2026-03-22T05:12:31.296202+00:00",
  "strategy_config": {
    "signal_method": "ranking",
    "signal_source": "model",
    "method": "mean_variance",
    "rebal": "weekly"
  },
  "capital": 100000000.0,
  "transaction_cost": 0.0015,
  "slippage": 0.0005,
  "execution_delay": 1,
  "train_days": 756,
  "test_days": 252,
  "step_days": 63,
  "symbols": [
    "365340.KQ",
    "28513K.KS",
    "064350.KS",
    "005930.KS",
    "079550.KS",
    "263750.KQ",
    "218410.KQ",
    "005490.KS",
    "006400.KS",
    "086520.KQ",
    "450080.KS",
    "247540.KQ",
    "196170.KQ",
    "272210.KS",
    "012450.KS",
    "004090.KS",
    "950160.KQ",
    "007310.KS",
    "004370.KS"
  ],
  "total_return_pct": 2067.324082458427,
  "cagr": 3133.358538233648,
  "max_drawdown": -32.69093315893017,
  "sharpe": 31.78984818171453,
  "sortino": 64.93893714889865,
  "win_rate": 0.57847533632287,
  "n_windows": 4,
  "n_trades": 0,
  "equity_curve": [
    100000000.0,
    99001246.8050219,
    103785116.68763119,
    103069347.50476936,
    97918845.29010527,
    99485968.41100277,
    95614129.12938945,
    102660155.63853239,
    118790161.14274767,
    124726127.80273795,
    125563635.61372346,
    126710262.67629609,
    127042100.43020517,
    131325435.56921032,
    129784396.20920628,
    137025743.8369045,
    129975162.67221412,
    143973124.69678882,
    138253685.35192358,
    136181571.19873878,
    138690786.84329963,
    133521977.80697718,
    144376335.88491577,
    149138116.8666283,
    145365870.50857556,
    162342889.51621756,
    161297364.1526789,
    164953672.62469965,
    160456924.23006034,
    160826316.05941573,
    170817952.70946327,
    157721366.16035846,
    146544408.05981153,
    131869162.75175016,
    117625523.21535142,
    131746390.56823763,
    129106023.07976744,
    132723337.2046372,
    143151160.1819912,
    143291572.6217414,
    141522032.03994662,
    148494704.2731652,
    152665676.6205548,
    154515864.41157854,
    178702432.191726,
    192624643.43997622,
    189590737.5326128,
    190524643.13920587,
    197125556.35519728,
    180879462.12383077,
    168680078.67190412,
    161885828.18146083,
    186107749.99043027,
    189133330.74736422,
    193572133.073713,
    193160065.23590615,
    193160065.23590615,
    187786371.30502346,
    203347662.744434,
    173571011.8188327,
    196549035.32354286,
    192104264.14330178,
    186992954.3378393,
    192965890.46000454,
    183876277.4044713,
    198959929.0086317,
    202928343.1978305,
    193705733.31110936,
    215530833.58409667,
    225321789.69854155,
    233871548.2397343,
    228643417.87737146,
    228992702.71244243,
    250392021.8129627,
    232906792.87899384,
    211655621.67492017,
    200253548.3150244,
    184304338.85084733,
    212212943.4970461,
    203734276.07381025,
    211568264.4001365,
    230715560.35770482,
    233578851.95554903,
    231671359.8823723,
    248694979.3971747,
    244488314.84565055,
    263926111.53885448,
    312386262.18361586,
    327950740.6428176,
    334439344.70400584,
    334782615.3740488,
    364639681.7989632,
    335252676.0706129,
    309155674.24949867,
    299574901.93668056,
    349427805.50659955,
    353110426.75247264,
    351444828.31936246,
    357063786.7841241,
    348040684.296557,
    342505902.6586583,
    357043237.3881713,
    368855638.03202444,
    383717396.3248526,
    421696384.91390413,
    425089824.08988863,
    394527966.3096167,
    398339104.7986825,
    420217803.04867727,
    456483455.34995055,
    445130458.366796,
    427459824.5365806,
    427459824.5365806,
    429630991.8749991,
    427725372.2447091,
    466181442.6304208,
    432127441.5779648,
    392069791.7156845,
    347472736.8942189,
    313782378.82077354,
    349778502.109911,
    341221815.51384026,
    353559464.4307672,
    379111099.44008476,
    383874194.84856737,
    384825963.17784446,
    415024946.05478513,
    401067961.60337585,
    457927574.2901242,
    524228418.80828315,
    556603239.8847109,
    557059995.6877508,
    559224153.6067356,
    611459102.579335,
    566306509.6640497,
    525039178.39488125,
    496976385.0139173,
    579559731.5916853,
    596856014.1921936,
    592759695.2176408,
    614728263.5125424,
    590711087.2432749,
    581267522.0205142,
    622084037.1131262,
    651705770.6667856,
    680923076.7210784,
    767701214.7698712,
    770011076.652387,
    724925643.1138334,
    730136070.1516442,
    770140799.9898955,
    834946181.5582604,
    818968616.5012496,
    802666404.6328826,
    763456192.696225,
    769821032.383854,
    778501024.054904,
    787007050.6556418,
    820613399.9100435,
    845122149.1767938,
    867517614.9494594,
    849324175.924782,
    838808117.5248376,
    811375974.4058956,
    823083337.0354117,
    897330493.37651,
    935486532.5363015,
    889930826.6780667,
    889930826.6780667,
    888153852.856963,
    876425574.7678226,
    977305440.2804085,
    1140633829.244933,
    1167263916.9329226,
    1218346925.3866777,
    1222227338.782015,
    1389267327.391142,
    1312974363.0754917,
    1206344621.8382692,
    1153154823.5965307,
    1342184395.3724349,
    1362665317.7366972,
    1332823319.3881445,
    1346202614.3139215,
    1280981235.745725,
    1262863462.9428036,
    1359594576.642892,
    1420082364.1897273,
    1476750268.6752946,
    1641937089.2504134,
    1663887356.253272,
    1540535463.3409357,
    1554059607.003999,
    1615941124.204064,
    1744378826.5435596,
    1690254405.1732473,
    1668548886.4985168,
    1591307986.0576828,
    1591822087.5231073,
    1595228903.5570538,
    1620430037.8983765,
    1746570855.9365008,
    1827396452.1869407,
    1848397742.603274,
    1842278177.6670625,
    1807615584.747672,
    1746756443.6522012,
    1724039690.1055002,
    1875749923.1729646,
    1918885694.2817707,
    1828244489.1067133,
    1933099543.9502487,
    1862298745.4391418,
    1981399717.4276288,
    1970927501.466089,
    1936300609.376305,
    1920245270.2915125,
    2013881090.0887039,
    2060484971.8161852,
    2252586915.653223,
    2355062201.811873,
    2319448456.0264645,
    2319101675.9233036,
    2167324082.458427
  ],