{
  "train_loss": [
    0.025415093904095038,
    0.018827280894454037,
    0.015334820241800376,
    0.014322159146623952,
    0.012949805706739426,
    0.012413535001022475,
    0.011657242131020342,
    0.01163735446919288,
    0.012238330939518554,
    0.01178253086150757,
    0.010103095056755202
  ],
  "val_loss": [
    0.12756462643543878,
    0.21897979825735092,
    0.4565180391073227,
    0.7093855440616608,
    0.9343211650848389,
    0.9432463149229685,
    0.7278540333112081,
    0.7853752871354421,
    0.4163353927433491,
    0.5320210506518682,
    0.4617158994078636
  ]
}