{
  "train_loss": [
    0.15553460376603262,
    0.12697453371116094,
    0.11697638194475855,
    0.11275813835007804,
    0.11032609641551971,
    0.10178852028080396,
    0.09545512018459183,
    0.09807083489639419,
    0.08652371008481298,
    0.07496244806264128,
    0.06248160797570433,
    0.06196524841444833,
    0.06398449572069305,
    0.05143737473658153,
    0.05423656345478126,
    0.04359240497329405,
    0.048412052648408074,
    0.05108777220760073,
    0.0368775658841644,
    0.038356470210211616,
    0.03421718015202454,
    0.0441541438922286,
    0.04036852198519877,
    0.029541425074317625,
    0.03212415613234043,
    0.03427344573927777,
    0.041705952558134286,
    0.029402969671147212,
    0.029218496222581183,
    0.025398926476814916,
    0.029012620049927915,
    0.025125612637826374,
    0.025548064282962253,
    0.027053260643567358,
    0.026188018332634653,
    0.028127162251621485,
    0.024999844442520822,
    0.022806484518306597,
    0.02625731016243143,
    0.025011300441942046,
    0.021191815878929838,
    0.021277586530361856,
    0.02522346643464906,
    0.022926744406244585,
    0.020357894312058176,
    0.020330663238252913,
    0.019245452181036984,
    0.018240732539977347,
    0.021403423843107054,
    0.023505538635488068,
    0.01920001920578735,
    0.019645902062101022,
    0.018101023776190623,
    0.018036524166486094,
    0.016918416168274625,
    0.01708617906219193,
    0.01882746343367866,
    0.018020211419622813,
    0.018179499211588075,
    0.018494363208966597,
    0.017081020566235696,
    0.015522352020655359,
    0.015141302819496818,
    0.017826558789238334,
    0.017697342871023074,
    0.017098058414246355,
    0.013955587554456932
  ],
  "val_loss": [
    0.1426523725191752,
    0.11750024557113647,
    0.12558170159657797,
    0.11206668615341187,
    0.10536323487758636,
    0.09604542702436447,
    0.09191221495469411,
    0.07622532546520233,
    0.06644429638981819,
    0.06589738031228383,
    0.07599550113081932,
    0.06638942783077557,
    0.04817550008495649,
    0.052060794085264206,
    0.06261126945416133,
    0.06789999455213547,
    0.05574494351943334,
    0.055403136958678566,
    0.040901840974887214,
    0.045731933787465096,
    0.07078865791360538,
    0.04586467519402504,
    0.03449440002441406,
    0.04301125307877859,
    0.040006354451179504,
    0.061182757218678795,
    0.03570245144267877,
    0.035100348914662995,
    0.046534926940997444,
    0.03586047080655893,
    0.035672297701239586,
    0.033834641178449,
    0.04318399913609028,
    0.03952136139074961,
    0.029064495737353962,
    0.04142031818628311,
    0.035319446275631584,
    0.034438617527484894,
    0.033720324436823525,
    0.030013215417663257,
    0.03900532548626264,
    0.03178216020266215,
    0.035095022370417915,
    0.0272538506736358,
    0.03673382103443146,
    0.0303402046362559,
    0.026104477234184742,
    0.03159219895799955,
    0.043972344448169075,
    0.030086349695920944,
    0.028091269234816234,
    0.02897498942911625,
    0.02935991312066714,
    0.031663285568356514,
    0.0296486293276151,
    0.034125560273726784,
    0.024962292984128,
    0.03071205069621404,
    0.03188040480017662,
    0.02839922656615575,
    0.02947278010348479,
    0.02689072551826636,
    0.03503214754164219,
    0.04240565871198972,
    0.033250803127884865,
    0.03160093973080317,
    0.031159453714887302
  ]
}